{"timestamp": 1769777516.980288, "city": "Aachen", "readings": {"temperature": 4.838690476190477, "humidity": 81.02380952380952}}