{"timestamp": 1770981058.2589374, "city": "London", "readings": {"temperature": 27.879166666666666, "humidity": 78.58333333333333}}