{"timestamp": 1769803530.8869162, "city": "London", "readings": {"temperature": 27.390476190476193, "humidity": 82.39880952380952}}